{
	"custom.beep": {
		"sounds":[
			{
				"name": "custom/beep1",
				"weight": 1
			},
			{
				"name": "custom/beep2",
				"weight": 1
			},
			{
				"name": "custom/beep3",
				"weight": 1
			} 
		]
	},
	"custom.prime": {
		"sounds": [
			{
				"name": "custom/prime_tommy",
				"weight": 999
			},
			{
				"name": "custom/rickroll",
				"weight": 1
			}
		]
	},
	"custom.rick": {
		"sounds": [
			{
				"name": "custom/rickroll",
				"weight": 1
			}
		]
	},
	"custom.hubsong": {
			"sounds": [
			{
				"name": "custom/hubsong",
				"weight": 1
			}
		]
	},
	"custom.betterpigstep": {
			"sounds": [
			{
				"name": "custom/pigstep",
				"weight": 1
			}
		]
	}
}
